<?xml version="1.0" encoding="UTF-8"?><?xml-stylesheet type='text/xsl' href='_UpgradeReport_Files/UpgradeReport.xslt'?><UpgradeLog>
<Properties><Property Name="Solution" Value="DNet">
</Property><Property Name="解决方案文件" Value="E:\VC\鬼影下载者源码\DNet\DNet.sln">
</Property><Property Name="Date" Value="2012年12月1日">
</Property><Property Name="Time" Value="18:35">
</Property></Properties><Event ErrorLevel="0" Project="Rocket" Source="Rocket\Rocket.vcproj" Description="Converting project file 'E:\VC\鬼影下载者源码\DNet\Rocket\Rocket.vcproj'.">
</Event><Event ErrorLevel="1" Project="Rocket" Source="Rocket\Rocket.vcproj" Description="VCWebServiceProxyGeneratorTool is no longer supported. The tool has been removed from your project settings.">
</Event><Event ErrorLevel="1" Project="Rocket" Source="Rocket\Rocket.vcproj" Description="MSB8012: $(TargetName) ('Rocket') does not match the Linker's OutputFile property value 'E:\Products\MFD\Release\Rocket_debug.exe' ('Rocket_debug') in project configuration 'Debug|Win32'. This may cause your project to build incorrectly. To correct this, please make sure that $(TargetName) property value matches the value specified in %(Link.OutputFile).">
</Event><Event ErrorLevel="1" Project="Rocket" Source="Rocket\Rocket.vcproj" Description="MSB8012: $(TargetPath) ('E:\VC\鬼影下载者源码\DNet\Debug\Rocket.exe') does not match the Linker's OutputFile property value 'E:\Products\MFD\Release\Rocket_debug.exe' ('E:\Products\MFD\Release\Rocket_debug.exe') in project configuration 'Debug|Win32'. This may cause your project to build incorrectly. To correct this, please make sure that $(TargetPath) property value matches the value specified in %(Link.OutputFile).">
</Event><Event ErrorLevel="1" Project="Rocket" Source="Rocket\Rocket.vcproj" Description="MSB8012: $(TargetPath) ('E:\VC\鬼影下载者源码\DNet\Release\Rocket.exe') does not match the Linker's OutputFile property value 'E:\VC\鬼影下载者源码\DNet\\Rocket\Product\Rocket.exe' ('E:\VC\鬼影下载者源码\DNet\\Rocket\Product\Rocket.exe') in project configuration 'Release|Win32'. This may cause your project to build incorrectly. To correct this, please make sure that $(TargetPath) property value matches the value specified in %(Link.OutputFile).">
</Event><Event ErrorLevel="0" Project="Rocket" Source="Rocket\Rocket.vcproj" Description="Done converting to new project file 'E:\VC\鬼影下载者源码\DNet\Rocket\Rocket.vcxproj'.">
</Event><Event ErrorLevel="3" Project="Rocket" Source="Rocket\Rocket.vcproj" Description="Converted">
</Event><Event ErrorLevel="0" Project="Rdrv" Source="Rocket\Rdrv\Rdrv.vcproj" Description="Converting project file 'E:\VC\鬼影下载者源码\DNet\Rocket\Rdrv\Rdrv.vcproj'.">
</Event><Event ErrorLevel="1" Project="Rdrv" Source="Rocket\Rdrv\Rdrv.vcproj" Description="VCWebServiceProxyGeneratorTool is no longer supported. The tool has been removed from your project settings.">
</Event><Event ErrorLevel="1" Project="Rdrv" Source="Rocket\Rdrv\Rdrv.vcproj" Description="MSB8012: $(TargetExt) ('.exe') does not match the Linker's OutputFile property value 'E:\Products\MFD\Release\Rdrv.sys' ('.sys') in project configuration 'Debug|Win32'. This may cause your project to build incorrectly. To correct this, please make sure that $(TargetExt) property value matches the value specified in %(Link.OutputFile).">
</Event><Event ErrorLevel="1" Project="Rdrv" Source="Rocket\Rdrv\Rdrv.vcproj" Description="MSB8012: $(TargetPath) ('E:\VC\鬼影下载者源码\DNet\Debug\Rdrv.exe') does not match the Linker's OutputFile property value 'E:\Products\MFD\Release\Rdrv.sys' ('E:\Products\MFD\Release\Rdrv.sys') in project configuration 'Debug|Win32'. This may cause your project to build incorrectly. To correct this, please make sure that $(TargetPath) property value matches the value specified in %(Link.OutputFile).">
</Event><Event ErrorLevel="1" Project="Rdrv" Source="Rocket\Rdrv\Rdrv.vcproj" Description="MSB8012: $(TargetExt) ('.exe') does not match the Linker's OutputFile property value 'E:\VC\鬼影下载者源码\DNet\\Rocket\Product\Rdrv.sys' ('.sys') in project configuration 'Release|Win32'. This may cause your project to build incorrectly. To correct this, please make sure that $(TargetExt) property value matches the value specified in %(Link.OutputFile).">
</Event><Event ErrorLevel="1" Project="Rdrv" Source="Rocket\Rdrv\Rdrv.vcproj" Description="MSB8012: $(TargetPath) ('E:\VC\鬼影下载者源码\DNet\Release\Rdrv.exe') does not match the Linker's OutputFile property value 'E:\VC\鬼影下载者源码\DNet\\Rocket\Product\Rdrv.sys' ('E:\VC\鬼影下载者源码\DNet\\Rocket\Product\Rdrv.sys') in project configuration 'Release|Win32'. This may cause your project to build incorrectly. To correct this, please make sure that $(TargetPath) property value matches the value specified in %(Link.OutputFile).">
</Event><Event ErrorLevel="0" Project="Rdrv" Source="Rocket\Rdrv\Rdrv.vcproj" Description="Done converting to new project file 'E:\VC\鬼影下载者源码\DNet\Rocket\Rdrv\Rdrv.vcxproj'.">
</Event><Event ErrorLevel="3" Project="Rdrv" Source="Rocket\Rdrv\Rdrv.vcproj" Description="Converted">
</Event><Event ErrorLevel="0" Project="BootCode" Source="Rocket\BootCode\BootCode.vcproj" Description="Converting project file 'E:\VC\鬼影下载者源码\DNet\Rocket\BootCode\BootCode.vcproj'.">
</Event><Event ErrorLevel="0" Project="BootCode" Source="Rocket\BootCode\Tool\Release.rules" Description="Converting 'E:\VC\鬼影下载者源码\DNet\Rocket\BootCode\Tool\Release.rules'.">
</Event><Event ErrorLevel="1" Project="BootCode" Source="Rocket\BootCode\Tool\Release.rules" Description="Semicolon is the only supported separator in MSBuild. Usage of any other separator for Custom Build Rule string properties is invalid after conversion.">
</Event><Event ErrorLevel="0" Project="BootCode" Source="Rocket\BootCode\Tool\Release.rules" Description="Done processing 'E:\VC\鬼影下载者源码\DNet\Rocket\BootCode\Tool\Release.rules'.">
</Event><Event ErrorLevel="3" Project="BootCode" Source="Rocket\BootCode\Tool\Release.rules" Description="Converted">
</Event><Event ErrorLevel="1" Project="BootCode" Source="Rocket\BootCode\BootCode.vcproj" Description="VCWebServiceProxyGeneratorTool is no longer supported. The tool has been removed from your project settings.">
</Event><Event ErrorLevel="1" Project="BootCode" Source="Rocket\BootCode\BootCode.vcproj" Description="MSB8012: $(TargetExt) ('.exe') does not match the Linker's OutputFile property value 'E:\VC\鬼影下载者源码\DNet\Release\BootCode.bin' ('.bin') in project configuration 'Release|Win32'. This may cause your project to build incorrectly. To correct this, please make sure that $(TargetExt) property value matches the value specified in %(Link.OutputFile).">
</Event><Event ErrorLevel="1" Project="BootCode" Source="Rocket\BootCode\BootCode.vcproj" Description="MSB8012: $(TargetPath) ('E:\VC\鬼影下载者源码\DNet\Release\BootCode.exe') does not match the Linker's OutputFile property value 'E:\VC\鬼影下载者源码\DNet\Release\BootCode.bin' ('E:\VC\鬼影下载者源码\DNet\Release\BootCode.bin') in project configuration 'Release|Win32'. This may cause your project to build incorrectly. To correct this, please make sure that $(TargetPath) property value matches the value specified in %(Link.OutputFile).">
</Event><Event ErrorLevel="1" Project="BootCode" Source="Rocket\BootCode\BootCode.vcproj" Description="Tool name 'Call NASM' is not supported in this version and it was renamed as 'Call_NASM'.">
</Event><Event ErrorLevel="0" Project="BootCode" Source="Rocket\BootCode\BootCode.vcproj" Description="Done converting to new project file 'E:\VC\鬼影下载者源码\DNet\Rocket\BootCode\BootCode.vcxproj'.">
</Event><Event ErrorLevel="3" Project="BootCode" Source="Rocket\BootCode\BootCode.vcproj" Description="Converted">
</Event><Event ErrorLevel="0" Project="SR" Source="Rocket\SR\SR.vcproj" Description="Converting project file 'E:\VC\鬼影下载者源码\DNet\Rocket\SR\SR.vcproj'.">
</Event><Event ErrorLevel="1" Project="SR" Source="Rocket\SR\SR.vcproj" Description="VCWebServiceProxyGeneratorTool is no longer supported. The tool has been removed from your project settings.">
</Event><Event ErrorLevel="1" Project="SR" Source="Rocket\SR\SR.vcproj" Description="Attribute 'OptimizeForWindows98' of 'VCLinkerTool' is not supported in this version and has been removed during conversion.">
</Event><Event ErrorLevel="1" Project="SR" Source="Rocket\SR\SR.vcproj" Description="MSB8012: $(TargetPath) ('E:\VC\鬼影下载者源码\DNet\Release\SR.dll') does not match the Linker's OutputFile property value 'E:\VC\鬼影下载者源码\DNet\\Rocket\Product\SR.dll' ('E:\VC\鬼影下载者源码\DNet\\Rocket\Product\SR.dll') in project configuration 'Release|Win32'. This may cause your project to build incorrectly. To correct this, please make sure that $(TargetPath) property value matches the value specified in %(Link.OutputFile).">
</Event><Event ErrorLevel="0" Project="SR" Source="Rocket\SR\SR.vcproj" Description="Done converting to new project file 'E:\VC\鬼影下载者源码\DNet\Rocket\SR\SR.vcxproj'.">
</Event><Event ErrorLevel="3" Project="SR" Source="Rocket\SR\SR.vcproj" Description="Converted">
</Event><Event ErrorLevel="0" Project="RBuild" Source="Rocket\RBuild\RBuild.vcproj" Description="Converting project file 'E:\VC\鬼影下载者源码\DNet\Rocket\RBuild\RBuild.vcproj'.">
</Event><Event ErrorLevel="1" Project="RBuild" Source="Rocket\RBuild\RBuild.vcproj" Description="VCWebServiceProxyGeneratorTool is no longer supported. The tool has been removed from your project settings.">
</Event><Event ErrorLevel="0" Project="RBuild" Source="Rocket\RBuild\RBuild.vcproj" Description="Done converting to new project file 'E:\VC\鬼影下载者源码\DNet\Rocket\RBuild\RBuild.vcxproj'.">
</Event><Event ErrorLevel="3" Project="RBuild" Source="Rocket\RBuild\RBuild.vcproj" Description="Converted">
</Event><Event ErrorLevel="0" Project="" Source="DNet.sln" Description="成功转换解决方案">
</Event><Event ErrorLevel="3" Project="" Source="DNet.sln" Description="Converted">
</Event></UpgradeLog>